,4/1/2020,4/2/2020,4/3/2020,4/4/2020,4/5/2020,4/6/2020,4/7/2020,4/8/2020,4/9/2020,4/10/2020,4/11/2020,4/12/2020,4/13/2020,4/14/2020,4/15/2020,4/16/2020,4/17/2020,4/18/2020,4/19/2020,4/20/2020,4/21/2020,4/22/2020,4/23/2020,4/24/2020,4/25/2020,4/26/2020,4/27/2020,4/28/2020,4/29/2020,4/30/2020,"05/01/20","05/02/20","05/03/20","05/04/20","05/05/20","05/06/20","05/07/20"
""10001"",NA,NA,NA,NA,NA,NA,NA,NA,NA,NA,NA,NA,NA,NA,NA,NA,NA,NA,NA,NA,NA,NA,NA,NA,NA,NA,NA,NA,NA,NA,NA,306,309,NA,NA,NA,NA
""10002"",NA,NA,NA,NA,NA,NA,NA,NA,NA,NA,NA,NA,NA,NA,NA,NA,NA,NA,NA,NA,NA,NA,NA,NA,NA,NA,NA,NA,NA,NA,NA,862,870,NA,NA,NA,NA
""10003"",NA,NA,NA,NA,NA,NA,NA,NA,NA,NA,NA,NA,NA,NA,NA,NA,NA,NA,NA,NA,NA,NA,NA,NA,NA,NA,NA,NA,NA,NA,NA,392,396,NA,NA,NA,NA
""10004"",NA,NA,NA,NA,NA,NA,NA,NA,NA,NA,NA,NA,NA,NA,NA,NA,NA,NA,NA,NA,NA,NA,NA,NA,NA,NA,NA,NA,NA,NA,NA,27,27,NA,NA,NA,NA
""10005"",NA,NA,NA,NA,NA,NA,NA,NA,NA,NA,NA,NA,NA,NA,NA,NA,NA,NA,NA,NA,NA,NA,NA,NA,NA,NA,NA,NA,NA,NA,NA,54,54,NA,NA,NA,NA
""10006"",NA,NA,NA,NA,NA,NA,NA,NA,NA,NA,NA,NA,NA,NA,NA,NA,NA,NA,NA,NA,NA,NA,NA,NA,NA,NA,NA,NA,NA,NA,NA,21,21,NA,NA,NA,NA
""10007"",NA,NA,NA,NA,NA,NA,NA,NA,NA,NA,NA,NA,NA,NA,NA,NA,NA,NA,NA,NA,NA,NA,NA,NA,NA,NA,NA,NA,NA,NA,NA,47,49,NA,NA,NA,NA
""10009"",NA,NA,NA,NA,NA,NA,NA,NA,NA,NA,NA,NA,NA,NA,NA,NA,NA,NA,NA,NA,NA,NA,NA,NA,NA,NA,NA,NA,NA,NA,NA,605,607,NA,NA,NA,NA
""10010"",NA,NA,NA,NA,NA,NA,NA,NA,NA,NA,NA,NA,NA,NA,NA,NA,NA,NA,NA,NA,NA,NA,NA,NA,NA,NA,NA,NA,NA,NA,NA,232,235,NA,NA,NA,NA
""10011"",NA,NA,NA,NA,NA,NA,NA,NA,NA,NA,NA,NA,NA,NA,NA,NA,NA,NA,NA,NA,NA,NA,NA,NA,NA,NA,NA,NA,NA,NA,NA,458,460,NA,NA,NA,NA
""10012"",NA,NA,NA,NA,NA,NA,NA,NA,NA,NA,NA,NA,NA,NA,NA,NA,NA,NA,NA,NA,NA,NA,NA,NA,NA,NA,NA,NA,NA,NA,NA,141,142,NA,NA,NA,NA
""10013"",NA,NA,NA,NA,NA,NA,NA,NA,NA,NA,NA,NA,NA,NA,NA,NA,NA,NA,NA,NA,NA,NA,NA,NA,NA,NA,NA,NA,NA,NA,NA,214,217,NA,NA,NA,NA
""10014"",NA,NA,NA,NA,NA,NA,NA,NA,NA,NA,NA,NA,NA,NA,NA,NA,NA,NA,NA,NA,NA,NA,NA,NA,NA,NA,NA,NA,NA,NA,NA,263,265,NA,NA,NA,NA
""10016"",NA,NA,NA,NA,NA,NA,NA,NA,NA,NA,NA,NA,NA,NA,NA,NA,NA,NA,NA,NA,NA,NA,NA,NA,NA,NA,NA,NA,NA,NA,NA,597,604,NA,NA,NA,NA
""10017"",NA,NA,NA,NA,NA,NA,NA,NA,NA,NA,NA,NA,NA,NA,NA,NA,NA,NA,NA,NA,NA,NA,NA,NA,NA,NA,NA,NA,NA,NA,NA,125,125,NA,NA,NA,NA
""10018"",NA,NA,NA,NA,NA,NA,NA,NA,NA,NA,NA,NA,NA,NA,NA,NA,NA,NA,NA,NA,NA,NA,NA,NA,NA,NA,NA,NA,NA,NA,NA,187,193,NA,NA,NA,NA
""10019"",NA,NA,NA,NA,NA,NA,NA,NA,NA,NA,NA,NA,NA,NA,NA,NA,NA,NA,NA,NA,NA,NA,NA,NA,NA,NA,NA,NA,NA,NA,NA,516,520,NA,NA,NA,NA
""10021"",NA,NA,NA,NA,NA,NA,NA,NA,NA,NA,NA,NA,NA,NA,NA,NA,NA,NA,NA,NA,NA,NA,NA,NA,NA,NA,NA,NA,NA,NA,NA,492,494,NA,NA,NA,NA
""10022"",NA,NA,NA,NA,NA,NA,NA,NA,NA,NA,NA,NA,NA,NA,NA,NA,NA,NA,NA,NA,NA,NA,NA,NA,NA,NA,NA,NA,NA,NA,NA,290,293,NA,NA,NA,NA
""10023"",NA,NA,NA,NA,NA,NA,NA,NA,NA,NA,NA,NA,NA,NA,NA,NA,NA,NA,NA,NA,NA,NA,NA,NA,NA,NA,NA,NA,NA,NA,NA,492,494,NA,NA,NA,NA
""10024"",NA,NA,NA,NA,NA,NA,NA,NA,NA,NA,NA,NA,NA,NA,NA,NA,NA,NA,NA,NA,NA,NA,NA,NA,NA,NA,NA,NA,NA,NA,NA,557,563,NA,NA,NA,NA
""10025"",NA,NA,NA,NA,NA,NA,NA,NA,NA,NA,NA,NA,NA,NA,NA,NA,NA,NA,NA,NA,NA,NA,NA,NA,NA,NA,NA,NA,NA,NA,NA,1077,1082,NA,NA,NA,NA
""10026"",NA,NA,NA,NA,NA,NA,NA,NA,NA,NA,NA,NA,NA,NA,NA,NA,NA,NA,NA,NA,NA,NA,NA,NA,NA,NA,NA,NA,NA,NA,NA,553,555,NA,NA,NA,NA
""10027"",NA,NA,NA,NA,NA,NA,NA,NA,NA,NA,NA,NA,NA,NA,NA,NA,NA,NA,NA,NA,NA,NA,NA,NA,NA,NA,NA,NA,NA,NA,NA,826,836,NA,NA,NA,NA
""10028"",NA,NA,NA,NA,NA,NA,NA,NA,NA,NA,NA,NA,NA,NA,NA,NA,NA,NA,NA,NA,NA,NA,NA,NA,NA,NA,NA,NA,NA,NA,NA,424,426,NA,NA,NA,NA
""10029"",NA,NA,NA,NA,NA,NA,NA,NA,NA,NA,NA,NA,NA,NA,NA,NA,NA,NA,NA,NA,NA,NA,NA,NA,NA,NA,NA,NA,NA,NA,NA,1506,1524,NA,NA,NA,NA
""10030"",NA,NA,NA,NA,NA,NA,NA,NA,NA,NA,NA,NA,NA,NA,NA,NA,NA,NA,NA,NA,NA,NA,NA,NA,NA,NA,NA,NA,NA,NA,NA,418,423,NA,NA,NA,NA
""10031"",NA,NA,NA,NA,NA,NA,NA,NA,NA,NA,NA,NA,NA,NA,NA,NA,NA,NA,NA,NA,NA,NA,NA,NA,NA,NA,NA,NA,NA,NA,NA,1040,1054,NA,NA,NA,NA
""10032"",NA,NA,NA,NA,NA,NA,NA,NA,NA,NA,NA,NA,NA,NA,NA,NA,NA,NA,NA,NA,NA,NA,NA,NA,NA,NA,NA,NA,NA,NA,NA,1209,1219,NA,NA,NA,NA
""10033"",NA,NA,NA,NA,NA,NA,NA,NA,NA,NA,NA,NA,NA,NA,NA,NA,NA,NA,NA,NA,NA,NA,NA,NA,NA,NA,NA,NA,NA,NA,NA,1086,1106,NA,NA,NA,NA
""10034"",NA,NA,NA,NA,NA,NA,NA,NA,NA,NA,NA,NA,NA,NA,NA,NA,NA,NA,NA,NA,NA,NA,NA,NA,NA,NA,NA,NA,NA,NA,NA,585,591,NA,NA,NA,NA
""10035"",NA,NA,NA,NA,NA,NA,NA,NA,NA,NA,NA,NA,NA,NA,NA,NA,NA,NA,NA,NA,NA,NA,NA,NA,NA,NA,NA,NA,NA,NA,NA,783,789,NA,NA,NA,NA
""10036"",NA,NA,NA,NA,NA,NA,NA,NA,NA,NA,NA,NA,NA,NA,NA,NA,NA,NA,NA,NA,NA,NA,NA,NA,NA,NA,NA,NA,NA,NA,NA,355,361,NA,NA,NA,NA
""10037"",NA,NA,NA,NA,NA,NA,NA,NA,NA,NA,NA,NA,NA,NA,NA,NA,NA,NA,NA,NA,NA,NA,NA,NA,NA,NA,NA,NA,NA,NA,NA,353,359,NA,NA,NA,NA
""10038"",NA,NA,NA,NA,NA,NA,NA,NA,NA,NA,NA,NA,NA,NA,NA,NA,NA,NA,NA,NA,NA,NA,NA,NA,NA,NA,NA,NA,NA,NA,NA,211,214,NA,NA,NA,NA
""10039"",NA,NA,NA,NA,NA,NA,NA,NA,NA,NA,NA,NA,NA,NA,NA,NA,NA,NA,NA,NA,NA,NA,NA,NA,NA,NA,NA,NA,NA,NA,NA,428,434,NA,NA,NA,NA
""10040"",NA,NA,NA,NA,NA,NA,NA,NA,NA,NA,NA,NA,NA,NA,NA,NA,NA,NA,NA,NA,NA,NA,NA,NA,NA,NA,NA,NA,NA,NA,NA,817,831,NA,NA,NA,NA
""10044"",NA,NA,NA,NA,NA,NA,NA,NA,NA,NA,NA,NA,NA,NA,NA,NA,NA,NA,NA,NA,NA,NA,NA,NA,NA,NA,NA,NA,NA,NA,NA,170,175,NA,NA,NA,NA
""10065"",NA,NA,NA,NA,NA,NA,NA,NA,NA,NA,NA,NA,NA,NA,NA,NA,NA,NA,NA,NA,NA,NA,NA,NA,NA,NA,NA,NA,NA,NA,NA,285,287,NA,NA,NA,NA
""10069"",NA,NA,NA,NA,NA,NA,NA,NA,NA,NA,NA,NA,NA,NA,NA,NA,NA,NA,NA,NA,NA,NA,NA,NA,NA,NA,NA,NA,NA,NA,NA,46,46,NA,NA,NA,NA
""10075"",NA,NA,NA,NA,NA,NA,NA,NA,NA,NA,NA,NA,NA,NA,NA,NA,NA,NA,NA,NA,NA,NA,NA,NA,NA,NA,NA,NA,NA,NA,NA,337,342,NA,NA,NA,NA
""10128"",NA,NA,NA,NA,NA,NA,NA,NA,NA,NA,NA,NA,NA,NA,NA,NA,NA,NA,NA,NA,NA,NA,NA,NA,NA,NA,NA,NA,NA,NA,NA,551,553,NA,NA,NA,NA
""10280"",NA,NA,NA,NA,NA,NA,NA,NA,NA,NA,NA,NA,NA,NA,NA,NA,NA,NA,NA,NA,NA,NA,NA,NA,NA,NA,NA,NA,NA,NA,NA,37,38,NA,NA,NA,NA
""10282"",NA,NA,NA,NA,NA,NA,NA,NA,NA,NA,NA,NA,NA,NA,NA,NA,NA,NA,NA,NA,NA,NA,NA,NA,NA,NA,NA,NA,NA,NA,NA,64,64,NA,NA,NA,NA
""10301"",NA,NA,NA,NA,NA,NA,NA,NA,NA,NA,NA,NA,NA,NA,NA,NA,NA,NA,NA,NA,NA,NA,NA,NA,NA,NA,NA,NA,NA,NA,NA,1001,1008,NA,NA,NA,NA
""10302"",NA,NA,NA,NA,NA,NA,NA,NA,NA,NA,NA,NA,NA,NA,NA,NA,NA,NA,NA,NA,NA,NA,NA,NA,NA,NA,NA,NA,NA,NA,NA,552,559,NA,NA,NA,NA
""10303"",NA,NA,NA,NA,NA,NA,NA,NA,NA,NA,NA,NA,NA,NA,NA,NA,NA,NA,NA,NA,NA,NA,NA,NA,NA,NA,NA,NA,NA,NA,NA,752,759,NA,NA,NA,NA
""10304"",NA,NA,NA,NA,NA,NA,NA,NA,NA,NA,NA,NA,NA,NA,NA,NA,NA,NA,NA,NA,NA,NA,NA,NA,NA,NA,NA,NA,NA,NA,NA,1215,1228,NA,NA,NA,NA
""10305"",NA,NA,NA,NA,NA,NA,NA,NA,NA,NA,NA,NA,NA,NA,NA,NA,NA,NA,NA,NA,NA,NA,NA,NA,NA,NA,NA,NA,NA,NA,NA,1088,1098,NA,NA,NA,NA
""10306"",NA,NA,NA,NA,NA,NA,NA,NA,NA,NA,NA,NA,NA,NA,NA,NA,NA,NA,NA,NA,NA,NA,NA,NA,NA,NA,NA,NA,NA,NA,NA,1290,1302,NA,NA,NA,NA
""10307"",NA,NA,NA,NA,NA,NA,NA,NA,NA,NA,NA,NA,NA,NA,NA,NA,NA,NA,NA,NA,NA,NA,NA,NA,NA,NA,NA,NA,NA,NA,NA,349,350,NA,NA,NA,NA
""10308"",NA,NA,NA,NA,NA,NA,NA,NA,NA,NA,NA,NA,NA,NA,NA,NA,NA,NA,NA,NA,NA,NA,NA,NA,NA,NA,NA,NA,NA,NA,NA,581,585,NA,NA,NA,NA
""10309"",NA,NA,NA,NA,NA,NA,NA,NA,NA,NA,NA,NA,NA,NA,NA,NA,NA,NA,NA,NA,NA,NA,NA,NA,NA,NA,NA,NA,NA,NA,NA,773,776,NA,NA,NA,NA
""10310"",NA,NA,NA,NA,NA,NA,NA,NA,NA,NA,NA,NA,NA,NA,NA,NA,NA,NA,NA,NA,NA,NA,NA,NA,NA,NA,NA,NA,NA,NA,NA,646,651,NA,NA,NA,NA
""10312"",NA,NA,NA,NA,NA,NA,NA,NA,NA,NA,NA,NA,NA,NA,NA,NA,NA,NA,NA,NA,NA,NA,NA,NA,NA,NA,NA,NA,NA,NA,NA,1365,1378,NA,NA,NA,NA
""10314"",NA,NA,NA,NA,NA,NA,NA,NA,NA,NA,NA,NA,NA,NA,NA,NA,NA,NA,NA,NA,NA,NA,NA,NA,NA,NA,NA,NA,NA,NA,NA,2377,2401,NA,NA,NA,NA
""10451"",NA,NA,NA,NA,NA,NA,NA,NA,NA,NA,NA,NA,NA,NA,NA,NA,NA,NA,NA,NA,NA,NA,NA,NA,NA,NA,NA,NA,NA,NA,NA,1391,1407,NA,NA,NA,NA
""10452"",NA,NA,NA,NA,NA,NA,NA,NA,NA,NA,NA,NA,NA,NA,NA,NA,NA,NA,NA,NA,NA,NA,NA,NA,NA,NA,NA,NA,NA,NA,NA,1942,1982,NA,NA,NA,NA
""10453"",NA,NA,NA,NA,NA,NA,NA,NA,NA,NA,NA,NA,NA,NA,NA,NA,NA,NA,NA,NA,NA,NA,NA,NA,NA,NA,NA,NA,NA,NA,NA,1944,1980,NA,NA,NA,NA
""10454"",NA,NA,NA,NA,NA,NA,NA,NA,NA,NA,NA,NA,NA,NA,NA,NA,NA,NA,NA,NA,NA,NA,NA,NA,NA,NA,NA,NA,NA,NA,NA,960,969,NA,NA,NA,NA
""10455"",NA,NA,NA,NA,NA,NA,NA,NA,NA,NA,NA,NA,NA,NA,NA,NA,NA,NA,NA,NA,NA,NA,NA,NA,NA,NA,NA,NA,NA,NA,NA,1060,1083,NA,NA,NA,NA
""10456"",NA,NA,NA,NA,NA,NA,NA,NA,NA,NA,NA,NA,NA,NA,NA,NA,NA,NA,NA,NA,NA,NA,NA,NA,NA,NA,NA,NA,NA,NA,NA,2069,2114,NA,NA,NA,NA
""10457"",NA,NA,NA,NA,NA,NA,NA,NA,NA,NA,NA,NA,NA,NA,NA,NA,NA,NA,NA,NA,NA,NA,NA,NA,NA,NA,NA,NA,NA,NA,NA,1742,1769,NA,NA,NA,NA
""10458"",NA,NA,NA,NA,NA,NA,NA,NA,NA,NA,NA,NA,NA,NA,NA,NA,NA,NA,NA,NA,NA,NA,NA,NA,NA,NA,NA,NA,NA,NA,NA,1695,1724,NA,NA,NA,NA
""10459"",NA,NA,NA,NA,NA,NA,NA,NA,NA,NA,NA,NA,NA,NA,NA,NA,NA,NA,NA,NA,NA,NA,NA,NA,NA,NA,NA,NA,NA,NA,NA,1260,1279,NA,NA,NA,NA
""10460"",NA,NA,NA,NA,NA,NA,NA,NA,NA,NA,NA,NA,NA,NA,NA,NA,NA,NA,NA,NA,NA,NA,NA,NA,NA,NA,NA,NA,NA,NA,NA,1366,1393,NA,NA,NA,NA
""10461"",NA,NA,NA,NA,NA,NA,NA,NA,NA,NA,NA,NA,NA,NA,NA,NA,NA,NA,NA,NA,NA,NA,NA,NA,NA,NA,NA,NA,NA,NA,NA,1653,1675,NA,NA,NA,NA
""10462"",NA,NA,NA,NA,NA,NA,NA,NA,NA,NA,NA,NA,NA,NA,NA,NA,NA,NA,NA,NA,NA,NA,NA,NA,NA,NA,NA,NA,NA,NA,NA,1962,1984,NA,NA,NA,NA
""10463"",NA,NA,NA,NA,NA,NA,NA,NA,NA,NA,NA,NA,NA,NA,NA,NA,NA,NA,NA,NA,NA,NA,NA,NA,NA,NA,NA,NA,NA,NA,NA,1584,1594,NA,NA,NA,NA
""10464"",NA,NA,NA,NA,NA,NA,NA,NA,NA,NA,NA,NA,NA,NA,NA,NA,NA,NA,NA,NA,NA,NA,NA,NA,NA,NA,NA,NA,NA,NA,NA,114,114,NA,NA,NA,NA
""10465"",NA,NA,NA,NA,NA,NA,NA,NA,NA,NA,NA,NA,NA,NA,NA,NA,NA,NA,NA,NA,NA,NA,NA,NA,NA,NA,NA,NA,NA,NA,NA,1326,1344,NA,NA,NA,NA
""10466"",NA,NA,NA,NA,NA,NA,NA,NA,NA,NA,NA,NA,NA,NA,NA,NA,NA,NA,NA,NA,NA,NA,NA,NA,NA,NA,NA,NA,NA,NA,NA,2063,2087,NA,NA,NA,NA
""10467"",NA,NA,NA,NA,NA,NA,NA,NA,NA,NA,NA,NA,NA,NA,NA,NA,NA,NA,NA,NA,NA,NA,NA,NA,NA,NA,NA,NA,NA,NA,NA,2865,2906,NA,NA,NA,NA
""10468"",NA,NA,NA,NA,NA,NA,NA,NA,NA,NA,NA,NA,NA,NA,NA,NA,NA,NA,NA,NA,NA,NA,NA,NA,NA,NA,NA,NA,NA,NA,NA,2095,2120,NA,NA,NA,NA
""10469"",NA,NA,NA,NA,NA,NA,NA,NA,NA,NA,NA,NA,NA,NA,NA,NA,NA,NA,NA,NA,NA,NA,NA,NA,NA,NA,NA,NA,NA,NA,NA,2555,2580,NA,NA,NA,NA
""10470"",NA,NA,NA,NA,NA,NA,NA,NA,NA,NA,NA,NA,NA,NA,NA,NA,NA,NA,NA,NA,NA,NA,NA,NA,NA,NA,NA,NA,NA,NA,NA,388,392,NA,NA,NA,NA
""10471"",NA,NA,NA,NA,NA,NA,NA,NA,NA,NA,NA,NA,NA,NA,NA,NA,NA,NA,NA,NA,NA,NA,NA,NA,NA,NA,NA,NA,NA,NA,NA,513,526,NA,NA,NA,NA
""10472"",NA,NA,NA,NA,NA,NA,NA,NA,NA,NA,NA,NA,NA,NA,NA,NA,NA,NA,NA,NA,NA,NA,NA,NA,NA,NA,NA,NA,NA,NA,NA,1645,1671,NA,NA,NA,NA
""10473"",NA,NA,NA,NA,NA,NA,NA,NA,NA,NA,NA,NA,NA,NA,NA,NA,NA,NA,NA,NA,NA,NA,NA,NA,NA,NA,NA,NA,NA,NA,NA,1654,1683,NA,NA,NA,NA
""10474"",NA,NA,NA,NA,NA,NA,NA,NA,NA,NA,NA,NA,NA,NA,NA,NA,NA,NA,NA,NA,NA,NA,NA,NA,NA,NA,NA,NA,NA,NA,NA,283,282,NA,NA,NA,NA
""10475"",NA,NA,NA,NA,NA,NA,NA,NA,NA,NA,NA,NA,NA,NA,NA,NA,NA,NA,NA,NA,NA,NA,NA,NA,NA,NA,NA,NA,NA,NA,NA,1508,1517,NA,NA,NA,NA
""11004"",NA,NA,NA,NA,NA,NA,NA,NA,NA,NA,NA,NA,NA,NA,NA,NA,NA,NA,NA,NA,NA,NA,NA,NA,NA,NA,NA,NA,NA,NA,NA,496,504,NA,NA,NA,NA
""11101"",NA,NA,NA,NA,NA,NA,NA,NA,NA,NA,NA,NA,NA,NA,NA,NA,NA,NA,NA,NA,NA,NA,NA,NA,NA,NA,NA,NA,NA,NA,NA,531,536,NA,NA,NA,NA
""11102"",NA,NA,NA,NA,NA,NA,NA,NA,NA,NA,NA,NA,NA,NA,NA,NA,NA,NA,NA,NA,NA,NA,NA,NA,NA,NA,NA,NA,NA,NA,NA,514,520,NA,NA,NA,NA
""11103"",NA,NA,NA,NA,NA,NA,NA,NA,NA,NA,NA,NA,NA,NA,NA,NA,NA,NA,NA,NA,NA,NA,NA,NA,NA,NA,NA,NA,NA,NA,NA,456,458,NA,NA,NA,NA
""11104"",NA,NA,NA,NA,NA,NA,NA,NA,NA,NA,NA,NA,NA,NA,NA,NA,NA,NA,NA,NA,NA,NA,NA,NA,NA,NA,NA,NA,NA,NA,NA,409,411,NA,NA,NA,NA
""11105"",NA,NA,NA,NA,NA,NA,NA,NA,NA,NA,NA,NA,NA,NA,NA,NA,NA,NA,NA,NA,NA,NA,NA,NA,NA,NA,NA,NA,NA,NA,NA,424,427,NA,NA,NA,NA
""11106"",NA,NA,NA,NA,NA,NA,NA,NA,NA,NA,NA,NA,NA,NA,NA,NA,NA,NA,NA,NA,NA,NA,NA,NA,NA,NA,NA,NA,NA,NA,NA,544,550,NA,NA,NA,NA
""11109"",NA,NA,NA,NA,NA,NA,NA,NA,NA,NA,NA,NA,NA,NA,NA,NA,NA,NA,NA,NA,NA,NA,NA,NA,NA,NA,NA,NA,NA,NA,NA,46,46,NA,NA,NA,NA
""11201"",NA,NA,NA,NA,NA,NA,NA,NA,NA,NA,NA,NA,NA,NA,NA,NA,NA,NA,NA,NA,NA,NA,NA,NA,NA,NA,NA,NA,NA,NA,NA,529,533,NA,NA,NA,NA
""11203"",NA,NA,NA,NA,NA,NA,NA,NA,NA,NA,NA,NA,NA,NA,NA,NA,NA,NA,NA,NA,NA,NA,NA,NA,NA,NA,NA,NA,NA,NA,NA,1716,1739,NA,NA,NA,NA
""11204"",NA,NA,NA,NA,NA,NA,NA,NA,NA,NA,NA,NA,NA,NA,NA,NA,NA,NA,NA,NA,NA,NA,NA,NA,NA,NA,NA,NA,NA,NA,NA,1658,1682,NA,NA,NA,NA
""11205"",NA,NA,NA,NA,NA,NA,NA,NA,NA,NA,NA,NA,NA,NA,NA,NA,NA,NA,NA,NA,NA,NA,NA,NA,NA,NA,NA,NA,NA,NA,NA,596,606,NA,NA,NA,NA
""11206"",NA,NA,NA,NA,NA,NA,NA,NA,NA,NA,NA,NA,NA,NA,NA,NA,NA,NA,NA,NA,NA,NA,NA,NA,NA,NA,NA,NA,NA,NA,NA,1286,1299,NA,NA,NA,NA
""11207"",NA,NA,NA,NA,NA,NA,NA,NA,NA,NA,NA,NA,NA,NA,NA,NA,NA,NA,NA,NA,NA,NA,NA,NA,NA,NA,NA,NA,NA,NA,NA,1667,1706,NA,NA,NA,NA
""11208"",NA,NA,NA,NA,NA,NA,NA,NA,NA,NA,NA,NA,NA,NA,NA,NA,NA,NA,NA,NA,NA,NA,NA,NA,NA,NA,NA,NA,NA,NA,NA,1879,1910,NA,NA,NA,NA
""11209"",NA,NA,NA,NA,NA,NA,NA,NA,NA,NA,NA,NA,NA,NA,NA,NA,NA,NA,NA,NA,NA,NA,NA,NA,NA,NA,NA,NA,NA,NA,NA,966,973,NA,NA,NA,NA
""11210"",NA,NA,NA,NA,NA,NA,NA,NA,NA,NA,NA,NA,NA,NA,NA,NA,NA,NA,NA,NA,NA,NA,NA,NA,NA,NA,NA,NA,NA,NA,NA,1435,1447,NA,NA,NA,NA
""11211"",NA,NA,NA,NA,NA,NA,NA,NA,NA,NA,NA,NA,NA,NA,NA,NA,NA,NA,NA,NA,NA,NA,NA,NA,NA,NA,NA,NA,NA,NA,NA,1705,1735,NA,NA,NA,NA
""11212"",NA,NA,NA,NA,NA,NA,NA,NA,NA,NA,NA,NA,NA,NA,NA,NA,NA,NA,NA,NA,NA,NA,NA,NA,NA,NA,NA,NA,NA,NA,NA,1467,1502,NA,NA,NA,NA
""11213"",NA,NA,NA,NA,NA,NA,NA,NA,NA,NA,NA,NA,NA,NA,NA,NA,NA,NA,NA,NA,NA,NA,NA,NA,NA,NA,NA,NA,NA,NA,NA,1185,1200,NA,NA,NA,NA
""11214"",NA,NA,NA,NA,NA,NA,NA,NA,NA,NA,NA,NA,NA,NA,NA,NA,NA,NA,NA,NA,NA,NA,NA,NA,NA,NA,NA,NA,NA,NA,NA,1273,1288,NA,NA,NA,NA
""11215"",NA,NA,NA,NA,NA,NA,NA,NA,NA,NA,NA,NA,NA,NA,NA,NA,NA,NA,NA,NA,NA,NA,NA,NA,NA,NA,NA,NA,NA,NA,NA,529,529,NA,NA,NA,NA
""11216"",NA,NA,NA,NA,NA,NA,NA,NA,NA,NA,NA,NA,NA,NA,NA,NA,NA,NA,NA,NA,NA,NA,NA,NA,NA,NA,NA,NA,NA,NA,NA,602,607,NA,NA,NA,NA
""11217"",NA,NA,NA,NA,NA,NA,NA,NA,NA,NA,NA,NA,NA,NA,NA,NA,NA,NA,NA,NA,NA,NA,NA,NA,NA,NA,NA,NA,NA,NA,NA,471,476,NA,NA,NA,NA
""11218"",NA,NA,NA,NA,NA,NA,NA,NA,NA,NA,NA,NA,NA,NA,NA,NA,NA,NA,NA,NA,NA,NA,NA,NA,NA,NA,NA,NA,NA,NA,NA,1428,1449,NA,NA,NA,NA
""11219"",NA,NA,NA,NA,NA,NA,NA,NA,NA,NA,NA,NA,NA,NA,NA,NA,NA,NA,NA,NA,NA,NA,NA,NA,NA,NA,NA,NA,NA,NA,NA,2382,2408,NA,NA,NA,NA
""11220"",NA,NA,NA,NA,NA,NA,NA,NA,NA,NA,NA,NA,NA,NA,NA,NA,NA,NA,NA,NA,NA,NA,NA,NA,NA,NA,NA,NA,NA,NA,NA,1239,1253,NA,NA,NA,NA
""11221"",NA,NA,NA,NA,NA,NA,NA,NA,NA,NA,NA,NA,NA,NA,NA,NA,NA,NA,NA,NA,NA,NA,NA,NA,NA,NA,NA,NA,NA,NA,NA,1052,1060,NA,NA,NA,NA
""11222"",NA,NA,NA,NA,NA,NA,NA,NA,NA,NA,NA,NA,NA,NA,NA,NA,NA,NA,NA,NA,NA,NA,NA,NA,NA,NA,NA,NA,NA,NA,NA,377,378,NA,NA,NA,NA
""11223"",NA,NA,NA,NA,NA,NA,NA,NA,NA,NA,NA,NA,NA,NA,NA,NA,NA,NA,NA,NA,NA,NA,NA,NA,NA,NA,NA,NA,NA,NA,NA,1410,1437,NA,NA,NA,NA
""11224"",NA,NA,NA,NA,NA,NA,NA,NA,NA,NA,NA,NA,NA,NA,NA,NA,NA,NA,NA,NA,NA,NA,NA,NA,NA,NA,NA,NA,NA,NA,NA,922,937,NA,NA,NA,NA
""11225"",NA,NA,NA,NA,NA,NA,NA,NA,NA,NA,NA,NA,NA,NA,NA,NA,NA,NA,NA,NA,NA,NA,NA,NA,NA,NA,NA,NA,NA,NA,NA,996,1007,NA,NA,NA,NA
""11226"",NA,NA,NA,NA,NA,NA,NA,NA,NA,NA,NA,NA,NA,NA,NA,NA,NA,NA,NA,NA,NA,NA,NA,NA,NA,NA,NA,NA,NA,NA,NA,1811,1855,NA,NA,NA,NA
""11228"",NA,NA,NA,NA,NA,NA,NA,NA,NA,NA,NA,NA,NA,NA,NA,NA,NA,NA,NA,NA,NA,NA,NA,NA,NA,NA,NA,NA,NA,NA,NA,562,567,NA,NA,NA,NA
""11229"",NA,NA,NA,NA,NA,NA,NA,NA,NA,NA,NA,NA,NA,NA,NA,NA,NA,NA,NA,NA,NA,NA,NA,NA,NA,NA,NA,NA,NA,NA,NA,1308,1324,NA,NA,NA,NA
""11230"",NA,NA,NA,NA,NA,NA,NA,NA,NA,NA,NA,NA,NA,NA,NA,NA,NA,NA,NA,NA,NA,NA,NA,NA,NA,NA,NA,NA,NA,NA,NA,1914,1937,NA,NA,NA,NA
""11231"",NA,NA,NA,NA,NA,NA,NA,NA,NA,NA,NA,NA,NA,NA,NA,NA,NA,NA,NA,NA,NA,NA,NA,NA,NA,NA,NA,NA,NA,NA,NA,353,355,NA,NA,NA,NA
""11232"",NA,NA,NA,NA,NA,NA,NA,NA,NA,NA,NA,NA,NA,NA,NA,NA,NA,NA,NA,NA,NA,NA,NA,NA,NA,NA,NA,NA,NA,NA,NA,413,421,NA,NA,NA,NA
""11233"",NA,NA,NA,NA,NA,NA,NA,NA,NA,NA,NA,NA,NA,NA,NA,NA,NA,NA,NA,NA,NA,NA,NA,NA,NA,NA,NA,NA,NA,NA,NA,1060,1080,NA,NA,NA,NA
""11234"",NA,NA,NA,NA,NA,NA,NA,NA,NA,NA,NA,NA,NA,NA,NA,NA,NA,NA,NA,NA,NA,NA,NA,NA,NA,NA,NA,NA,NA,NA,NA,1981,2004,NA,NA,NA,NA
""11235"",NA,NA,NA,NA,NA,NA,NA,NA,NA,NA,NA,NA,NA,NA,NA,NA,NA,NA,NA,NA,NA,NA,NA,NA,NA,NA,NA,NA,NA,NA,NA,1681,1713,NA,NA,NA,NA
""11236"",NA,NA,NA,NA,NA,NA,NA,NA,NA,NA,NA,NA,NA,NA,NA,NA,NA,NA,NA,NA,NA,NA,NA,NA,NA,NA,NA,NA,NA,NA,NA,2282,2306,NA,NA,NA,NA
""11237"",NA,NA,NA,NA,NA,NA,NA,NA,NA,NA,NA,NA,NA,NA,NA,NA,NA,NA,NA,NA,NA,NA,NA,NA,NA,NA,NA,NA,NA,NA,NA,768,784,NA,NA,NA,NA
""11238"",NA,NA,NA,NA,NA,NA,NA,NA,NA,NA,NA,NA,NA,NA,NA,NA,NA,NA,NA,NA,NA,NA,NA,NA,NA,NA,NA,NA,NA,NA,NA,641,647,NA,NA,NA,NA
""11239"",NA,NA,NA,NA,NA,NA,NA,NA,NA,NA,NA,NA,NA,NA,NA,NA,NA,NA,NA,NA,NA,NA,NA,NA,NA,NA,NA,NA,NA,NA,NA,428,435,NA,NA,NA,NA
""11354"",NA,NA,NA,NA,NA,NA,NA,NA,NA,NA,NA,NA,NA,NA,NA,NA,NA,NA,NA,NA,NA,NA,NA,NA,NA,NA,NA,NA,NA,NA,NA,921,932,NA,NA,NA,NA
""11355"",NA,NA,NA,NA,NA,NA,NA,NA,NA,NA,NA,NA,NA,NA,NA,NA,NA,NA,NA,NA,NA,NA,NA,NA,NA,NA,NA,NA,NA,NA,NA,1042,1056,NA,NA,NA,NA
""11356"",NA,NA,NA,NA,NA,NA,NA,NA,NA,NA,NA,NA,NA,NA,NA,NA,NA,NA,NA,NA,NA,NA,NA,NA,NA,NA,NA,NA,NA,NA,NA,474,479,NA,NA,NA,NA
""11357"",NA,NA,NA,NA,NA,NA,NA,NA,NA,NA,NA,NA,NA,NA,NA,NA,NA,NA,NA,NA,NA,NA,NA,NA,NA,NA,NA,NA,NA,NA,NA,697,703,NA,NA,NA,NA
""11358"",NA,NA,NA,NA,NA,NA,NA,NA,NA,NA,NA,NA,NA,NA,NA,NA,NA,NA,NA,NA,NA,NA,NA,NA,NA,NA,NA,NA,NA,NA,NA,489,495,NA,NA,NA,NA
""11360"",NA,NA,NA,NA,NA,NA,NA,NA,NA,NA,NA,NA,NA,NA,NA,NA,NA,NA,NA,NA,NA,NA,NA,NA,NA,NA,NA,NA,NA,NA,NA,278,284,NA,NA,NA,NA
""11361"",NA,NA,NA,NA,NA,NA,NA,NA,NA,NA,NA,NA,NA,NA,NA,NA,NA,NA,NA,NA,NA,NA,NA,NA,NA,NA,NA,NA,NA,NA,NA,385,388,NA,NA,NA,NA
""11362"",NA,NA,NA,NA,NA,NA,NA,NA,NA,NA,NA,NA,NA,NA,NA,NA,NA,NA,NA,NA,NA,NA,NA,NA,NA,NA,NA,NA,NA,NA,NA,273,273,NA,NA,NA,NA
""11363"",NA,NA,NA,NA,NA,NA,NA,NA,NA,NA,NA,NA,NA,NA,NA,NA,NA,NA,NA,NA,NA,NA,NA,NA,NA,NA,NA,NA,NA,NA,NA,89,89,NA,NA,NA,NA
""11364"",NA,NA,NA,NA,NA,NA,NA,NA,NA,NA,NA,NA,NA,NA,NA,NA,NA,NA,NA,NA,NA,NA,NA,NA,NA,NA,NA,NA,NA,NA,NA,415,419,NA,NA,NA,NA
""11365"",NA,NA,NA,NA,NA,NA,NA,NA,NA,NA,NA,NA,NA,NA,NA,NA,NA,NA,NA,NA,NA,NA,NA,NA,NA,NA,NA,NA,NA,NA,NA,716,724,NA,NA,NA,NA
""11366"",NA,NA,NA,NA,NA,NA,NA,NA,NA,NA,NA,NA,NA,NA,NA,NA,NA,NA,NA,NA,NA,NA,NA,NA,NA,NA,NA,NA,NA,NA,NA,350,352,NA,NA,NA,NA
""11367"",NA,NA,NA,NA,NA,NA,NA,NA,NA,NA,NA,NA,NA,NA,NA,NA,NA,NA,NA,NA,NA,NA,NA,NA,NA,NA,NA,NA,NA,NA,NA,875,887,NA,NA,NA,NA
""11368"",NA,NA,NA,NA,NA,NA,NA,NA,NA,NA,NA,NA,NA,NA,NA,NA,NA,NA,NA,NA,NA,NA,NA,NA,NA,NA,NA,NA,NA,NA,NA,3626,3702,NA,NA,NA,NA
""11369"",NA,NA,NA,NA,NA,NA,NA,NA,NA,NA,NA,NA,NA,NA,NA,NA,NA,NA,NA,NA,NA,NA,NA,NA,NA,NA,NA,NA,NA,NA,NA,1320,1341,NA,NA,NA,NA
""11370"",NA,NA,NA,NA,NA,NA,NA,NA,NA,NA,NA,NA,NA,NA,NA,NA,NA,NA,NA,NA,NA,NA,NA,NA,NA,NA,NA,NA,NA,NA,NA,1201,1210,NA,NA,NA,NA
""11372"",NA,NA,NA,NA,NA,NA,NA,NA,NA,NA,NA,NA,NA,NA,NA,NA,NA,NA,NA,NA,NA,NA,NA,NA,NA,NA,NA,NA,NA,NA,NA,2101,2123,NA,NA,NA,NA
""11373"",NA,NA,NA,NA,NA,NA,NA,NA,NA,NA,NA,NA,NA,NA,NA,NA,NA,NA,NA,NA,NA,NA,NA,NA,NA,NA,NA,NA,NA,NA,NA,2731,2770,NA,NA,NA,NA
""11374"",NA,NA,NA,NA,NA,NA,NA,NA,NA,NA,NA,NA,NA,NA,NA,NA,NA,NA,NA,NA,NA,NA,NA,NA,NA,NA,NA,NA,NA,NA,NA,928,931,NA,NA,NA,NA
""11375"",NA,NA,NA,NA,NA,NA,NA,NA,NA,NA,NA,NA,NA,NA,NA,NA,NA,NA,NA,NA,NA,NA,NA,NA,NA,NA,NA,NA,NA,NA,NA,1347,1362,NA,NA,NA,NA
""11377"",NA,NA,NA,NA,NA,NA,NA,NA,NA,NA,NA,NA,NA,NA,NA,NA,NA,NA,NA,NA,NA,NA,NA,NA,NA,NA,NA,NA,NA,NA,NA,1800,1824,NA,NA,NA,NA
""11378"",NA,NA,NA,NA,NA,NA,NA,NA,NA,NA,NA,NA,NA,NA,NA,NA,NA,NA,NA,NA,NA,NA,NA,NA,NA,NA,NA,NA,NA,NA,NA,633,644,NA,NA,NA,NA
""11379"",NA,NA,NA,NA,NA,NA,NA,NA,NA,NA,NA,NA,NA,NA,NA,NA,NA,NA,NA,NA,NA,NA,NA,NA,NA,NA,NA,NA,NA,NA,NA,697,697,NA,NA,NA,NA
""11385"",NA,NA,NA,NA,NA,NA,NA,NA,NA,NA,NA,NA,NA,NA,NA,NA,NA,NA,NA,NA,NA,NA,NA,NA,NA,NA,NA,NA,NA,NA,NA,1782,1811,NA,NA,NA,NA
""11411"",NA,NA,NA,NA,NA,NA,NA,NA,NA,NA,NA,NA,NA,NA,NA,NA,NA,NA,NA,NA,NA,NA,NA,NA,NA,NA,NA,NA,NA,NA,NA,590,602,NA,NA,NA,NA
""11412"",NA,NA,NA,NA,NA,NA,NA,NA,NA,NA,NA,NA,NA,NA,NA,NA,NA,NA,NA,NA,NA,NA,NA,NA,NA,NA,NA,NA,NA,NA,NA,1105,1119,NA,NA,NA,NA
""11413"",NA,NA,NA,NA,NA,NA,NA,NA,NA,NA,NA,NA,NA,NA,NA,NA,NA,NA,NA,NA,NA,NA,NA,NA,NA,NA,NA,NA,NA,NA,NA,1143,1151,NA,NA,NA,NA
""11414"",NA,NA,NA,NA,NA,NA,NA,NA,NA,NA,NA,NA,NA,NA,NA,NA,NA,NA,NA,NA,NA,NA,NA,NA,NA,NA,NA,NA,NA,NA,NA,713,722,NA,NA,NA,NA
""11415"",NA,NA,NA,NA,NA,NA,NA,NA,NA,NA,NA,NA,NA,NA,NA,NA,NA,NA,NA,NA,NA,NA,NA,NA,NA,NA,NA,NA,NA,NA,NA,439,449,NA,NA,NA,NA
""11416"",NA,NA,NA,NA,NA,NA,NA,NA,NA,NA,NA,NA,NA,NA,NA,NA,NA,NA,NA,NA,NA,NA,NA,NA,NA,NA,NA,NA,NA,NA,NA,575,595,NA,NA,NA,NA
""11417"",NA,NA,NA,NA,NA,NA,NA,NA,NA,NA,NA,NA,NA,NA,NA,NA,NA,NA,NA,NA,NA,NA,NA,NA,NA,NA,NA,NA,NA,NA,NA,756,766,NA,NA,NA,NA
""11418"",NA,NA,NA,NA,NA,NA,NA,NA,NA,NA,NA,NA,NA,NA,NA,NA,NA,NA,NA,NA,NA,NA,NA,NA,NA,NA,NA,NA,NA,NA,NA,895,909,NA,NA,NA,NA
""11419"",NA,NA,NA,NA,NA,NA,NA,NA,NA,NA,NA,NA,NA,NA,NA,NA,NA,NA,NA,NA,NA,NA,NA,NA,NA,NA,NA,NA,NA,NA,NA,980,995,NA,NA,NA,NA
""11420"",NA,NA,NA,NA,NA,NA,NA,NA,NA,NA,NA,NA,NA,NA,NA,NA,NA,NA,NA,NA,NA,NA,NA,NA,NA,NA,NA,NA,NA,NA,NA,1161,1179,NA,NA,NA,NA
""11421"",NA,NA,NA,NA,NA,NA,NA,NA,NA,NA,NA,NA,NA,NA,NA,NA,NA,NA,NA,NA,NA,NA,NA,NA,NA,NA,NA,NA,NA,NA,NA,997,1013,NA,NA,NA,NA
""11422"",NA,NA,NA,NA,NA,NA,NA,NA,NA,NA,NA,NA,NA,NA,NA,NA,NA,NA,NA,NA,NA,NA,NA,NA,NA,NA,NA,NA,NA,NA,NA,842,850,NA,NA,NA,NA
""11423"",NA,NA,NA,NA,NA,NA,NA,NA,NA,NA,NA,NA,NA,NA,NA,NA,NA,NA,NA,NA,NA,NA,NA,NA,NA,NA,NA,NA,NA,NA,NA,871,879,NA,NA,NA,NA
""11426"",NA,NA,NA,NA,NA,NA,NA,NA,NA,NA,NA,NA,NA,NA,NA,NA,NA,NA,NA,NA,NA,NA,NA,NA,NA,NA,NA,NA,NA,NA,NA,450,453,NA,NA,NA,NA
""11427"",NA,NA,NA,NA,NA,NA,NA,NA,NA,NA,NA,NA,NA,NA,NA,NA,NA,NA,NA,NA,NA,NA,NA,NA,NA,NA,NA,NA,NA,NA,NA,680,687,NA,NA,NA,NA
""11428"",NA,NA,NA,NA,NA,NA,NA,NA,NA,NA,NA,NA,NA,NA,NA,NA,NA,NA,NA,NA,NA,NA,NA,NA,NA,NA,NA,NA,NA,NA,NA,591,595,NA,NA,NA,NA
""11429"",NA,NA,NA,NA,NA,NA,NA,NA,NA,NA,NA,NA,NA,NA,NA,NA,NA,NA,NA,NA,NA,NA,NA,NA,NA,NA,NA,NA,NA,NA,NA,821,831,NA,NA,NA,NA
""11432"",NA,NA,NA,NA,NA,NA,NA,NA,NA,NA,NA,NA,NA,NA,NA,NA,NA,NA,NA,NA,NA,NA,NA,NA,NA,NA,NA,NA,NA,NA,NA,1483,1496,NA,NA,NA,NA
""11433"",NA,NA,NA,NA,NA,NA,NA,NA,NA,NA,NA,NA,NA,NA,NA,NA,NA,NA,NA,NA,NA,NA,NA,NA,NA,NA,NA,NA,NA,NA,NA,804,812,NA,NA,NA,NA
""11434"",NA,NA,NA,NA,NA,NA,NA,NA,NA,NA,NA,NA,NA,NA,NA,NA,NA,NA,NA,NA,NA,NA,NA,NA,NA,NA,NA,NA,NA,NA,NA,1700,1715,NA,NA,NA,NA
""11435"",NA,NA,NA,NA,NA,NA,NA,NA,NA,NA,NA,NA,NA,NA,NA,NA,NA,NA,NA,NA,NA,NA,NA,NA,NA,NA,NA,NA,NA,NA,NA,1362,1381,NA,NA,NA,NA
""11436"",NA,NA,NA,NA,NA,NA,NA,NA,NA,NA,NA,NA,NA,NA,NA,NA,NA,NA,NA,NA,NA,NA,NA,NA,NA,NA,NA,NA,NA,NA,NA,454,455,NA,NA,NA,NA
""11691"",NA,NA,NA,NA,NA,NA,NA,NA,NA,NA,NA,NA,NA,NA,NA,NA,NA,NA,NA,NA,NA,NA,NA,NA,NA,NA,NA,NA,NA,NA,NA,1908,1923,NA,NA,NA,NA
""11692"",NA,NA,NA,NA,NA,NA,NA,NA,NA,NA,NA,NA,NA,NA,NA,NA,NA,NA,NA,NA,NA,NA,NA,NA,NA,NA,NA,NA,NA,NA,NA,490,496,NA,NA,NA,NA
""11693"",NA,NA,NA,NA,NA,NA,NA,NA,NA,NA,NA,NA,NA,NA,NA,NA,NA,NA,NA,NA,NA,NA,NA,NA,NA,NA,NA,NA,NA,NA,NA,289,293,NA,NA,NA,NA
""11694"",NA,NA,NA,NA,NA,NA,NA,NA,NA,NA,NA,NA,NA,NA,NA,NA,NA,NA,NA,NA,NA,NA,NA,NA,NA,NA,NA,NA,NA,NA,NA,609,614,NA,NA,NA,NA
""11697"",NA,NA,NA,NA,NA,NA,NA,NA,NA,NA,NA,NA,NA,NA,NA,NA,NA,NA,NA,NA,NA,NA,NA,NA,NA,NA,NA,NA,NA,NA,NA,83,85,NA,NA,NA,NA
"10001",113,NA,136,146,158,158,170,178,191,197,201,211,221,231,238,242,251,254,260,261,266,268,277,285,288,375,299,300,301,303,304,NA,NA,311,314,313,313
"10002",250,NA,317,341,360,360,405,421,456,492,500,539,554,578,645,666,685,695,712,716,729,733,756,774,780,978,808,828,832,837,848,NA,NA,878,890,899,905
"10003",161,NA,191,198,210,210,230,238,253,264,267,279,285,290,323,329,337,342,347,351,355,358,363,367,368,487,378,381,382,387,389,NA,NA,399,402,406,407
"10004",16,NA,19,20,20,20,20,20,21,22,22,23,23,23,23,24,24,24,24,25,26,26,26,25,26,36,26,26,26,26,26,NA,NA,28,28,28,28
"10005",25,NA,28,28,29,29,32,32,36,36,37,38,39,40,41,42,44,44,44,44,44,44,45,47,48,59,49,51,52,52,53,NA,NA,54,54,54,54
"10006",6,NA,7,7,7,7,8,8,8,8,8,10,11,11,12,13,14,14,14,14,15,15,15,15,16,22,21,21,21,21,21,NA,NA,21,21,21,21
"10007",26,NA,28,29,29,29,30,30,31,32,32,34,34,35,35,36,37,39,40,41,42,42,42,46,46,50,46,45,45,45,45,NA,NA,49,48,48,48
"10009",181,NA,236,253,262,262,298,308,333,348,349,381,389,407,470,480,494,501,518,522,530,530,547,553,561,660,579,587,592,597,601,NA,NA,610,613,614,616
"10010",101,NA,118,119,121,121,133,137,150,158,160,166,169,175,188,190,195,200,201,202,203,204,210,215,216,277,224,225,226,226,228,NA,NA,234,237,237,239
"10011",222,NA,255,267,278,278,308,316,329,341,342,355,359,365,375,380,384,390,394,398,403,404,411,422,427,563,449,450,451,452,453,NA,NA,463,469,471,473
"10012",68,NA,77,80,85,85,86,88,91,96,96,98,99,101,109,113,113,114,116,118,121,121,125,130,133,166,135,136,137,139,140,NA,NA,145,147,148,149
"10013",122,NA,120,122,124,124,131,135,140,149,151,161,162,166,167,170,173,177,179,179,180,181,187,193,194,245,201,207,207,210,212,NA,NA,217,220,225,225
"10014",140,NA,163,168,178,178,186,189,198,205,207,212,213,216,223,229,230,233,233,235,236,238,240,244,247,307,251,252,252,256,258,NA,NA,266,269,270,272
"10016",288,NA,295,311,324,324,344,354,389,412,417,435,442,454,470,480,488,496,502,506,515,520,535,539,546,727,559,566,573,582,587,NA,NA,605,610,613,615
"10017",45,NA,59,63,65,65,74,74,80,83,83,90,92,95,98,100,105,105,107,108,109,111,113,118,121,155,125,123,125,124,124,NA,NA,125,125,126,128
"10018",66,NA,97,103,106,106,116,120,126,140,148,156,157,159,159,159,163,166,168,168,169,169,175,176,179,215,182,186,186,186,189,NA,NA,193,193,193,194
"10019",187,NA,226,237,244,244,264,275,298,310,314,334,339,350,411,424,434,435,441,443,449,450,458,468,473,575,487,495,498,506,509,NA,NA,523,527,529,532
"10021",211,NA,258,271,282,282,295,298,325,350,360,386,389,400,405,412,419,428,431,431,438,443,451,458,461,580,469,474,476,487,489,NA,NA,494,495,496,498
"10022",123,NA,148,157,159,159,174,182,187,202,206,219,222,231,236,238,243,247,250,251,254,254,260,268,272,366,280,280,282,285,290,NA,NA,295,299,303,305
"10023",190,NA,231,245,251,251,269,275,289,312,315,341,350,368,406,416,421,427,433,434,439,441,449,461,463,561,474,481,482,486,487,NA,NA,496,496,500,506
"10024",204,NA,255,270,283,283,307,318,339,358,359,380,386,400,436,447,454,466,472,476,484,493,506,515,521,673,533,541,544,549,557,NA,NA,571,576,581,582
"10025",252,NA,327,357,377,377,433,466,513,567,582,626,652,685,790,810,836,847,875,888,901,910,930,956,977,1230,1014,1030,1039,1045,1065,NA,NA,1096,1101,1104,1111
"10026",126,NA,166,188,197,197,220,231,255,274,279,308,314,334,391,400,411,421,428,438,443,445,456,466,483,584,510,515,522,532,540,NA,NA,561,564,570,578
"10027",170,NA,224,250,267,267,327,346,389,419,427,476,487,496,599,612,633,640,654,661,667,671,690,714,728,871,759,776,783,798,805,NA,NA,847,854,863,878
"10028",189,NA,220,229,237,237,257,264,284,297,302,317,326,330,343,351,359,365,371,375,379,380,383,391,393,514,399,409,411,422,423,NA,NA,427,429,434,436
"10029",290,NA,373,421,461,461,544,576,680,749,769,824,853,889,1037,1076,1110,1142,1162,1180,1202,1206,1270,1319,1350,1650,1410,1438,1452,1473,1492,NA,NA,1548,1559,1576,1591
"10030",106,NA,135,149,164,164,186,194,232,254,257,277,280,289,313,323,331,336,351,356,360,361,369,375,377,452,395,401,407,413,419,NA,NA,426,428,432,436
"10031",217,NA,288,314,340,340,407,433,483,536,542,611,635,660,726,755,779,794,807,818,841,844,871,896,918,1113,973,994,999,1007,1028,NA,NA,1067,1082,1090,1107
"10032",308,NA,389,431,448,448,508,543,586,629,636,728,751,775,820,857,898,919,937,944,968,973,1012,1051,1082,1297,1125,1146,1153,1168,1185,NA,NA,1234,1255,1266,1288
"10033",264,NA,342,366,391,391,439,474,521,558,560,626,643,671,700,735,766,785,801,806,817,823,865,916,942,1144,1002,1019,1023,1042,1064,NA,NA,1116,1130,1142,1154
"10034",108,NA,152,169,178,178,212,231,273,297,300,345,353,367,383,399,420,433,439,445,458,461,487,506,515,613,534,551,556,563,569,NA,NA,596,600,604,610
"10035",147,NA,216,233,254,254,301,321,358,393,403,440,459,475,555,583,607,622,636,651,664,667,679,697,713,865,745,757,762,767,779,NA,NA,800,805,816,830
"10036",116,NA,150,157,160,160,189,197,207,212,214,232,235,241,270,277,286,291,301,304,309,309,320,328,333,396,341,344,346,350,353,NA,NA,363,363,364,367
"10037",109,NA,101,108,121,121,146,157,194,216,223,232,235,246,267,281,289,296,297,299,304,304,308,312,319,382,339,342,345,348,350,NA,NA,369,371,376,380
"10038",76,NA,93,97,101,101,114,118,126,135,137,151,155,159,160,160,163,165,166,167,171,171,178,179,185,233,196,201,203,207,207,NA,NA,218,221,222,225
"10039",116,NA,141,147,155,155,178,187,214,233,243,266,268,277,298,310,319,323,328,333,339,341,354,373,383,464,397,407,409,417,423,NA,NA,438,439,442,449
"10040",208,NA,256,278,294,294,329,353,399,434,437,498,512,532,555,576,593,601,614,621,644,649,673,700,718,849,748,761,773,793,801,NA,NA,850,865,876,907
"10044",49,NA,59,63,64,64,68,71,81,82,84,90,92,95,100,103,104,110,118,122,124,125,133,140,144,174,153,157,158,165,170,NA,NA,183,183,187,189
"10065",121,NA,158,166,171,171,182,187,197,207,207,216,218,224,230,233,238,243,244,244,252,252,259,264,267,328,273,277,279,280,281,NA,NA,290,289,292,294
"10069",24,NA,29,29,29,29,32,32,33,34,34,35,35,37,38,40,42,43,44,44,45,45,46,46,46,56,46,46,46,46,46,NA,NA,46,46,46,46
"10075",160,NA,188,195,204,204,226,232,241,252,257,262,265,274,287,294,299,300,302,305,309,314,321,324,328,425,335,334,334,337,339,NA,NA,342,342,344,346
"10128",212,NA,267,275,281,281,306,317,352,374,384,396,403,424,453,460,469,476,489,491,501,502,513,525,529,649,536,546,546,547,548,NA,NA,555,558,565,567
"10280",17,NA,19,19,20,20,23,23,25,27,27,27,28,30,31,32,32,32,32,32,33,33,33,35,35,41,35,35,35,35,36,NA,NA,38,38,38,38
"10282",21,NA,28,30,32,32,36,36,37,41,41,44,48,50,51,52,53,56,56,56,58,58,59,59,62,101,62,64,64,64,64,NA,NA,64,64,64,64
"10301",175,NA,235,253,278,278,324,357,457,524,538,593,627,660,678,716,739,761,806,822,848,854,879,914,933,1083,955,963,972,984,990,NA,NA,1016,1020,1033,1043
"10302",61,NA,94,103,120,120,156,169,236,268,275,318,327,353,360,380,396,415,428,437,450,465,475,494,501,571,523,530,534,543,546,NA,NA,564,567,572,579
"10303",106,NA,144,159,174,174,229,265,363,412,419,486,506,527,533,555,573,586,613,619,638,640,662,681,700,811,721,727,733,737,747,NA,NA,760,762,768,772
"10304",289,NA,376,397,419,419,482,515,634,702,718,788,805,834,851,911,943,973,1001,1014,1035,1046,1080,1101,1120,1348,1153,1161,1174,1186,1200,NA,NA,1233,1248,1259,1274
"10305",178,NA,258,280,298,298,369,410,540,616,636,700,724,746,753,801,829,856,883,891,914,921,944,975,995,1198,1019,1031,1042,1054,1071,NA,NA,1101,1104,1109,1115
"10306",278,NA,351,365,404,404,479,513,705,788,809,886,917,941,954,1001,1022,1053,1087,1099,1124,1136,1164,1196,1212,1476,1241,1251,1260,1272,1283,NA,NA,1312,1316,1320,1331
"10307",67,NA,93,99,109,109,133,143,186,220,225,246,253,255,257,274,282,287,305,307,311,319,326,331,336,418,341,342,343,345,345,NA,NA,351,354,358,359
"10308",146,NA,184,197,214,214,248,270,344,380,390,430,441,450,459,478,486,494,504,507,519,522,537,551,559,692,569,570,572,575,578,NA,NA,587,587,589,592
"10309",170,NA,215,230,246,246,298,324,416,500,508,561,575,594,617,639,646,658,672,680,688,700,713,738,741,894,753,757,759,765,771,NA,NA,779,783,786,789
"10310",97,NA,129,142,161,161,206,217,294,341,355,383,397,413,425,452,464,478,506,520,534,541,557,575,587,680,600,609,614,628,636,NA,NA,656,663,671,675
"10312",336,NA,418,442,462,462,558,593,794,918,934,1008,1032,1065,1082,1118,1142,1165,1204,1211,1224,1234,1254,1283,1301,1539,1323,1327,1335,1346,1354,NA,NA,1384,1389,1395,1398
"10314",452,NA,619,663,712,712,839,902,1173,1356,1402,1569,1608,1679,1717,1783,1832,1880,1955,1978,2030,2052,2127,2169,2210,2617,2264,2284,2305,2328,2363,NA,NA,2421,2436,2443,2455
"10451",337,NA,336,370,392,392,476,498,646,709,730,788,822,855,887,932,981,1017,1059,1079,1108,1125,1170,1210,1245,1459,1313,1334,1344,1365,1378,NA,NA,1418,1429,1443,1451
"10452",367,NA,509,542,584,584,698,735,869,973,986,1068,1106,1156,1195,1268,1331,1378,1412,1443,1488,1499,1575,1647,1705,1972,1798,1840,1852,1884,1920,NA,NA,2005,2016,2030,2045
"10453",386,NA,527,573,619,619,734,790,941,1042,1064,1146,1188,1234,1261,1341,1381,1432,1474,1499,1547,1559,1626,1684,1729,1998,1796,1834,1845,1870,1912,NA,NA,1998,2012,2032,2048
"10454",174,NA,245,273,294,294,336,355,455,510,517,550,566,583,616,648,674,705,719,731,747,752,784,814,843,979,892,911,923,937,949,NA,NA,975,982,992,1000
"10455",176,NA,233,257,274,274,326,349,457,511,523,562,584,626,652,686,727,759,795,806,831,839,861,890,922,1098,976,993,1001,1020,1041,NA,NA,1091,1098,1110,1120
"10456",355,NA,500,548,619,619,741,802,948,1038,1057,1130,1175,1250,1295,1376,1436,1466,1518,1548,1596,1617,1704,1775,1827,2104,1917,1949,1967,2007,2044,NA,NA,2141,2162,2184,2200
"10457",306,NA,427,483,533,533,644,679,820,890,907,969,1004,1069,1092,1173,1209,1250,1286,1315,1362,1381,1441,1485,1524,1773,1597,1630,1654,1676,1714,NA,NA,1792,1805,1819,1830
"10458",332,NA,453,495,541,541,631,676,807,888,902,968,1014,1060,1083,1169,1204,1232,1269,1302,1342,1359,1410,1468,1504,1768,1574,1593,1611,1644,1670,NA,NA,1745,1759,1780,1800
"10459",227,NA,309,340,363,363,440,482,604,677,693,746,762,808,824,869,906,934,956,979,996,1002,1038,1083,1135,1332,1176,1197,1206,1230,1250,NA,NA,1293,1315,1327,1335
"10460",255,NA,344,371,397,397,467,500,649,711,725,771,801,847,875,950,989,1018,1041,1065,1097,1106,1155,1192,1231,1418,1278,1304,1318,1332,1351,NA,NA,1407,1425,1443,1456
"10461",376,NA,444,496,536,536,653,687,837,951,965,1018,1037,1083,1107,1173,1209,1238,1266,1288,1328,1342,1396,1451,1482,1780,1536,1562,1580,1605,1627,NA,NA,1690,1708,1719,1732
"10462",377,NA,544,597,632,632,765,807,987,1114,1133,1201,1223,1284,1308,1397,1450,1496,1529,1564,1611,1631,1694,1754,1778,2100,1835,1858,1870,1903,1932,NA,NA,2003,2010,2016,2036
"10463",253,NA,327,367,402,402,486,536,681,769,815,885,926,964,1021,1063,1102,1135,1168,1214,1261,1262,1336,1388,1431,1646,1478,1494,1495,1523,1551,NA,NA,1627,1645,1662,1697
"10464",25,NA,30,30,35,35,43,46,63,71,71,75,76,79,80,93,94,94,95,96,103,105,109,110,112,136,113,114,114,113,113,NA,NA,115,114,114,114
"10465",267,NA,389,426,461,461,552,586,703,804,816,865,882,927,941,1002,1027,1047,1078,1090,1128,1146,1182,1223,1244,1493,1279,1293,1299,1307,1316,NA,NA,1359,1365,1375,1386
"10466",362,NA,510,548,588,588,737,792,970,1115,1147,1259,1287,1361,1393,1482,1550,1606,1650,1665,1727,1736,1807,1875,1919,2193,1981,1993,2012,2025,2044,NA,NA,2095,2108,2121,2130
"10467",638,NA,836,889,941,941,1142,1209,1442,1626,1653,1769,1818,1918,1972,2087,2154,2204,2245,2290,2372,2392,2486,2551,2594,3060,2689,2723,2748,2796,2832,NA,NA,2931,2952,2972,2992
"10468",397,NA,529,585,625,625,765,810,995,1096,1126,1224,1280,1343,1381,1442,1501,1551,1591,1619,1666,1688,1750,1810,1860,2140,1930,1969,1980,2024,2065,NA,NA,2137,2153,2173,2202
"10469",470,NA,683,755,795,795,925,988,1208,1381,1417,1514,1577,1670,1724,1837,1911,1980,2042,2071,2131,2148,2213,2272,2317,2704,2394,2406,2455,2493,2526,NA,NA,2588,2600,2614,2630
"10470",83,NA,108,111,121,121,156,167,205,233,238,258,266,279,284,299,305,317,321,329,336,339,352,365,371,417,375,376,378,383,387,NA,NA,397,398,405,405
"10471",104,NA,130,136,149,149,183,201,245,278,283,302,310,319,326,351,364,382,388,393,414,415,440,456,466,540,478,490,496,503,507,NA,NA,530,535,541,543
"10472",302,NA,417,448,469,469,582,620,760,836,854,918,950,1014,1035,1110,1153,1190,1239,1257,1287,1297,1339,1420,1462,1685,1536,1562,1581,1596,1618,NA,NA,1682,1694,1709,1728
"10473",304,NA,437,472,518,518,638,693,858,963,986,1053,1085,1143,1170,1235,1264,1314,1331,1340,1371,1386,1442,1473,1498,1757,1552,1570,1585,1607,1637,NA,NA,1695,1709,1724,1740
"10474",55,NA,71,77,83,83,97,106,138,158,159,170,175,182,187,198,210,216,223,227,230,231,235,246,256,303,267,271,272,275,277,NA,NA,285,286,289,293
"10475",255,NA,360,394,424,424,520,561,707,813,838,912,947,1021,1042,1132,1169,1195,1225,1249,1285,1296,1338,1378,1405,1668,1445,1455,1463,1483,1498,NA,NA,1530,1545,1553,1560
"11004",121,NA,173,194,200,200,239,250,278,300,310,324,330,348,353,364,377,385,397,403,415,417,434,449,454,536,468,472,474,479,489,NA,NA,507,515,520,522
"11101",148,NA,201,214,232,232,258,265,298,315,322,344,351,364,374,388,398,406,423,429,440,444,460,475,480,562,493,502,509,520,524,NA,NA,539,542,548,551
"11102",105,NA,153,166,186,186,214,235,256,272,279,306,313,326,336,345,352,360,379,387,405,409,436,460,470,540,478,483,492,503,510,NA,NA,525,528,534,539
"11103",104,NA,140,152,168,168,190,212,243,264,273,296,305,313,321,333,343,353,362,367,377,379,389,403,414,476,421,428,434,439,446,NA,NA,464,465,470,471
"11104",85,NA,136,152,160,160,178,186,219,243,252,264,271,279,285,294,307,312,316,321,330,333,345,358,369,432,380,386,390,397,401,NA,NA,417,418,427,434
"11105",104,NA,136,157,166,166,186,194,226,248,254,279,287,300,309,320,323,332,344,348,357,360,370,385,395,461,406,412,414,417,418,NA,NA,431,433,435,438
"11106",144,NA,182,194,206,206,234,248,293,312,319,342,350,360,366,381,393,406,417,421,431,432,456,473,483,567,502,513,518,531,535,NA,NA,552,560,566,569
"11109",13,NA,23,24,25,25,29,30,30,35,35,37,37,38,40,40,41,40,41,41,41,41,41,42,43,55,44,44,44,45,46,NA,NA,46,46,46,46
"11201",204,NA,236,249,259,259,285,293,321,344,353,373,380,387,402,418,422,438,447,450,460,464,472,484,492,627,501,509,512,520,527,NA,NA,539,544,546,556
"11203",343,NA,466,499,553,553,642,676,792,881,910,1001,1034,1085,1148,1195,1256,1298,1329,1349,1385,1398,1464,1521,1560,1832,1606,1627,1642,1665,1689,NA,NA,1758,1771,1783,1803
"11204",534,NA,712,746,789,789,908,930,994,1034,1043,1110,1134,1163,1185,1240,1277,1295,1325,1338,1358,1370,1445,1497,1520,1852,1575,1604,1608,1621,1634,NA,NA,1691,1705,1722,1740
"11205",182,NA,242,254,270,270,317,330,347,360,363,392,396,416,423,437,462,469,475,482,490,494,513,532,538,619,559,569,574,585,588,NA,NA,607,613,620,626
"11206",329,NA,411,444,477,477,536,556,648,703,718,757,777,808,837,885,923,947,975,991,1013,1018,1056,1099,1132,1357,1173,1201,1216,1238,1256,NA,NA,1306,1315,1330,1344
"11207",332,NA,479,524,554,554,658,684,763,836,856,928,956,1004,1056,1114,1170,1201,1233,1267,1306,1327,1373,1427,1478,1722,1551,1582,1597,1626,1646,NA,NA,1728,1745,1766,1794
"11208",350,NA,520,571,608,608,713,753,841,932,953,1029,1058,1129,1173,1263,1304,1352,1383,1408,1463,1478,1550,1606,1654,1986,1740,1773,1789,1825,1853,NA,NA,1927,1953,1971,2000
"11209",209,NA,292,321,348,348,419,440,497,530,538,587,611,648,667,715,737,755,772,783,800,805,829,864,883,1039,914,928,934,945,954,NA,NA,981,985,994,1003
"11210",386,NA,524,554,583,583,663,699,776,821,838,898,919,960,1042,1081,1122,1138,1162,1183,1219,1230,1266,1300,1320,1558,1350,1369,1379,1394,1418,NA,NA,1458,1466,1474,1496
"11211",601,NA,788,829,859,859,948,974,1066,1128,1138,1202,1216,1248,1293,1342,1363,1379,1399,1410,1422,1433,1475,1514,1545,1863,1584,1607,1626,1649,1671,NA,NA,1760,1769,1790,1808
"11212",254,NA,395,434,469,469,584,613,698,764,780,842,863,915,948,990,1034,1056,1086,1102,1134,1144,1190,1252,1293,1472,1331,1356,1372,1408,1441,NA,NA,1527,1534,1563,1582
"11213",394,NA,498,520,554,554,615,633,682,726,737,793,811,840,873,906,931,958,972,989,1010,1014,1040,1078,1099,1331,1131,1142,1148,1161,1173,NA,NA,1208,1215,1221,1233
"11214",251,NA,347,369,403,403,493,523,616,678,693,760,788,829,859,907,955,990,1016,1028,1050,1057,1103,1139,1154,1321,1190,1204,1225,1235,1258,NA,NA,1306,1316,1329,1345
"11215",178,NA,203,217,239,239,265,276,307,319,321,350,359,373,383,399,413,421,432,437,453,458,468,476,487,552,500,505,506,520,523,NA,NA,534,536,539,542
"11216",162,NA,210,222,240,240,278,285,318,341,347,376,384,408,419,439,461,474,484,489,500,508,522,534,543,626,556,571,574,582,594,NA,NA,616,617,624,628
"11217",130,NA,161,177,196,196,228,239,258,279,281,316,331,344,357,367,381,385,397,398,411,413,421,427,431,507,446,453,456,459,463,NA,NA,490,494,500,503
"11218",350,NA,499,542,574,574,703,774,856,893,904,976,988,1015,1043,1087,1126,1145,1163,1173,1192,1203,1244,1267,1294,1512,1350,1370,1378,1392,1403,NA,NA,1464,1476,1487,1504
"11219",771,NA,1037,1088,1136,1136,1314,1417,1513,1562,1564,1679,1698,1725,1833,1868,1914,1936,1961,1973,1988,2005,2087,2136,2182,2621,2230,2257,2268,2301,2346,NA,NA,2421,2443,2476,2518
"11220",264,NA,402,440,455,455,556,585,656,695,718,784,808,844,870,905,936,968,997,1006,1025,1038,1077,1110,1136,1281,1164,1179,1188,1205,1224,NA,NA,1277,1287,1311,1324
"11221",260,NA,335,358,384,384,462,477,538,586,593,641,652,683,698,740,773,788,801,816,832,843,878,920,938,1128,984,1003,1011,1027,1039,NA,NA,1071,1080,1095,1108
"11222",96,NA,131,140,148,148,177,181,205,220,225,255,262,271,277,289,294,297,306,310,316,318,330,341,344,418,352,363,365,370,373,NA,NA,383,384,384,388
"11223",346,NA,474,508,529,529,618,651,752,809,827,885,920,960,999,1049,1089,1109,1134,1147,1171,1192,1236,1275,1309,1590,1343,1358,1367,1388,1404,NA,NA,1448,1459,1476,1493
"11224",133,NA,195,210,235,235,296,314,387,434,443,485,498,528,551,588,622,643,657,673,695,715,748,782,800,936,840,860,872,882,898,NA,NA,950,960,970,989
"11225",267,NA,353,376,394,394,450,469,541,573,588,632,654,686,711,737,763,797,814,824,843,850,882,915,936,1107,954,967,972,980,987,NA,NA,1012,1016,1022,1036
"11226",344,NA,485,523,553,553,639,670,784,859,898,995,1021,1089,1148,1219,1273,1306,1336,1358,1413,1431,1498,1561,1606,1894,1678,1720,1737,1763,1786,NA,NA,1870,1894,1926,1936
"11228",101,NA,158,169,179,179,229,250,294,316,322,356,365,378,388,413,429,439,449,457,470,473,487,502,513,615,530,540,542,547,554,NA,NA,568,571,575,579
"11229",316,NA,423,445,470,470,565,603,674,714,721,791,821,860,925,971,1025,1043,1064,1079,1110,1123,1148,1188,1214,1407,1244,1263,1267,1280,1292,NA,NA,1329,1341,1350,1360
"11230",631,NA,848,903,946,946,1054,1089,1167,1221,1233,1301,1329,1367,1414,1463,1510,1550,1573,1584,1620,1639,1676,1728,1755,2107,1797,1834,1847,1877,1900,NA,NA,1961,1980,1996,2019
"11231",127,NA,154,161,169,169,191,197,217,223,227,241,247,254,258,265,274,285,289,291,303,305,319,333,337,393,344,345,345,347,352,NA,NA,361,364,369,370
"11232",85,NA,141,155,169,169,193,203,222,243,248,267,287,299,303,316,322,329,337,342,351,354,365,375,380,446,393,398,402,408,408,NA,NA,426,429,432,436
"11233",225,NA,302,325,356,356,412,428,481,534,539,591,616,648,666,717,754,782,802,824,844,859,884,930,954,1077,987,1003,1013,1030,1053,NA,NA,1095,1102,1114,1122
"11234",364,NA,531,574,624,624,759,807,944,1029,1044,1149,1189,1260,1417,1483,1533,1568,1602,1626,1670,1695,1756,1813,1846,2145,1892,1908,1925,1945,1958,NA,NA,2014,2020,2031,2039
"11235",348,NA,421,459,487,487,588,630,757,824,843,911,954,992,1056,1138,1206,1258,1293,1315,1343,1362,1413,1455,1493,1780,1545,1585,1613,1645,1664,NA,NA,1730,1743,1762,1779
"11236",416,NA,618,676,728,728,871,938,1069,1157,1184,1313,1352,1439,1558,1637,1707,1760,1828,1859,1899,1922,1990,2051,2097,2446,2157,2189,2204,2235,2259,NA,NA,2328,2337,2357,2374
"11237",184,NA,235,258,274,274,320,334,375,411,421,451,460,481,489,523,547,557,567,581,590,596,618,647,663,780,696,716,719,732,745,NA,NA,797,805,809,821
"11238",183,NA,253,272,283,283,339,350,381,407,412,448,454,466,476,491,509,517,529,535,547,552,571,586,594,697,609,616,622,634,638,NA,NA,654,657,663,665
"11239",85,NA,128,137,157,157,172,179,199,221,230,250,261,275,293,309,324,337,339,342,354,357,367,380,388,469,402,407,412,419,424,NA,NA,438,439,441,447
"11354",134,NA,205,232,257,257,297,324,366,412,422,461,483,503,517,556,599,654,675,692,714,733,766,802,838,981,864,873,885,906,912,NA,NA,945,951,966,973
"11355",213,NA,308,333,365,365,412,426,475,527,538,587,611,639,657,683,717,756,777,799,822,834,866,915,935,1114,965,985,1000,1013,1031,NA,NA,1069,1084,1097,1098
"11356",110,NA,151,160,177,177,205,209,231,255,257,285,296,313,323,338,344,351,358,364,376,381,398,413,425,507,449,453,456,464,467,NA,NA,478,482,488,489
"11357",162,NA,230,240,260,260,323,336,373,400,408,441,452,477,484,510,524,539,560,570,580,585,603,620,642,759,653,661,667,671,682,NA,NA,707,710,717,723
"11358",119,NA,158,163,172,172,205,211,246,259,265,289,301,319,324,343,361,368,377,383,395,397,414,435,445,521,459,467,473,477,483,NA,NA,496,500,502,506
"11360",59,NA,86,94,97,97,118,123,138,147,153,173,177,184,190,198,200,206,209,212,215,220,234,247,260,312,269,270,274,276,278,NA,NA,287,288,288,288
"11361",85,NA,118,130,145,145,178,185,207,224,229,253,258,265,271,284,298,302,305,308,317,321,340,346,352,417,363,367,370,377,380,NA,NA,390,394,397,398
"11362",64,NA,88,88,91,91,124,127,141,148,158,167,173,183,186,190,197,199,202,204,220,222,231,240,248,306,257,261,263,266,270,NA,NA,274,275,278,280
"11363",27,NA,33,38,42,42,52,55,63,65,65,68,69,69,72,73,73,75,76,76,76,77,78,82,84,98,86,86,86,87,89,NA,NA,89,90,91,92
"11364",113,NA,149,158,164,164,196,200,220,237,242,259,265,282,288,303,314,322,330,336,343,349,367,376,384,452,393,399,401,405,411,NA,NA,422,422,425,430
"11365",166,NA,229,248,268,268,313,326,358,401,411,440,457,475,492,508,526,544,562,569,585,589,610,643,653,781,669,681,683,698,711,NA,NA,736,741,745,747
"11366",106,NA,152,165,176,176,196,199,216,233,236,244,249,259,266,278,286,296,298,302,306,311,318,324,330,392,336,340,343,345,348,NA,NA,353,354,354,354
"11367",318,NA,403,425,447,447,485,498,541,566,574,591,604,619,636,653,667,685,694,703,712,724,763,781,803,992,827,834,836,850,868,NA,NA,895,903,915,921
"11368",947,NA,1245,1337,1446,1446,1659,1728,2132,2248,2287,2398,2446,2510,2563,2631,2701,2749,2817,2863,2919,2946,3045,3140,3211,3707,3326,3417,3441,3507,3560,NA,NA,3744,3774,3809,3869
"11369",331,NA,464,504,547,547,608,632,746,813,839,883,903,929,953,977,1007,1033,1055,1066,1081,1090,1123,1164,1191,1394,1231,1263,1273,1293,1308,NA,NA,1360,1376,1382,1392
"11370",378,NA,510,540,573,573,633,654,731,797,811,833,847,883,896,927,962,974,998,1012,1037,1050,1080,1099,1114,1315,1144,1161,1164,1175,1189,NA,NA,1219,1225,1227,1234
"11372",492,NA,697,747,806,806,916,957,1232,1322,1355,1428,1476,1511,1545,1577,1629,1680,1732,1741,1764,1781,1834,1894,1935,2255,1982,2012,2023,2052,2071,NA,NA,2143,2179,2188,2215
"11373",831,NA,841,903,983,983,1142,1190,1602,1737,1779,1859,1893,1939,1978,2031,2104,2155,2196,2226,2269,2282,2358,2440,2474,2844,2559,2606,2622,2668,2705,NA,NA,2800,2836,2851,2871
"11374",319,NA,419,460,479,479,523,546,581,625,636,673,686,710,727,741,763,779,792,807,817,826,842,860,870,1047,892,902,904,912,921,NA,NA,940,945,950,961
"11375",418,NA,559,613,653,653,744,777,825,859,872,937,970,1003,1026,1060,1095,1125,1138,1147,1170,1174,1214,1251,1263,1513,1293,1313,1320,1330,1342,NA,NA,1375,1379,1390,1400
"11377",364,NA,515,563,620,620,736,772,962,1052,1072,1152,1173,1214,1253,1295,1333,1377,1404,1419,1448,1464,1522,1582,1627,1892,1670,1705,1724,1757,1774,NA,NA,1853,1867,1878,1897
"11378",156,NA,198,219,232,232,263,274,318,347,358,397,402,419,426,439,456,468,486,492,509,515,544,567,581,692,600,604,609,619,625,NA,NA,646,651,654,658
"11379",195,NA,252,260,276,276,317,326,366,394,403,434,438,459,476,491,509,520,531,541,558,561,581,618,631,762,651,662,665,678,688,NA,NA,708,709,712,719
"11385",425,NA,606,639,668,668,767,804,885,963,977,1066,1091,1139,1167,1219,1252,1288,1325,1345,1396,1429,1495,1558,1611,1917,1666,1701,1712,1733,1773,NA,NA,1836,1849,1868,1888
"11411",151,NA,213,246,271,271,309,317,341,371,387,408,419,433,443,454,468,480,486,492,503,512,530,554,561,659,567,572,576,582,586,NA,NA,602,612,619,620
"11412",245,NA,348,386,423,423,496,512,577,631,645,693,706,738,759,789,814,836,859,871,900,912,966,1004,1019,1181,1050,1056,1062,1085,1097,NA,NA,1127,1134,1141,1145
"11413",261,NA,393,420,460,460,528,549,622,674,691,752,773,800,820,845,873,890,917,927,954,973,1005,1040,1057,1223,1081,1094,1104,1117,1133,NA,NA,1159,1168,1175,1183
"11414",162,NA,220,238,252,252,341,354,392,421,434,453,473,515,537,552,569,583,588,595,618,628,649,661,672,811,684,691,691,698,708,NA,NA,730,732,735,739
"11415",149,NA,185,198,205,205,231,239,251,276,284,306,312,320,322,339,347,359,366,370,377,385,394,409,411,510,425,430,432,435,436,NA,NA,453,460,468,471
"11416",117,NA,161,183,204,204,233,238,267,286,302,317,331,347,359,375,387,398,412,425,438,440,461,485,510,602,535,544,544,553,561,NA,NA,605,608,607,608
"11417",173,NA,230,241,254,254,315,323,370,383,393,421,439,462,469,490,508,524,535,545,573,589,611,653,677,802,693,702,717,738,748,NA,NA,772,779,784,790
"11418",216,NA,293,308,329,329,386,405,443,482,493,532,547,565,578,610,632,661,675,681,702,714,757,785,797,949,827,849,858,872,880,NA,NA,922,932,936,944
"11419",182,NA,261,290,318,318,386,398,443,483,495,542,565,600,611,629,658,687,720,732,753,770,813,850,871,1048,901,927,932,950,966,NA,NA,1002,1014,1022,1032
"11420",223,NA,339,365,398,398,473,506,555,603,623,675,700,745,759,789,811,839,863,872,914,943,996,1026,1057,1237,1093,1110,1120,1131,1143,NA,NA,1189,1196,1206,1217
"11421",202,NA,280,305,323,323,397,418,481,537,555,602,619,655,677,705,718,739,760,781,804,814,847,884,907,1052,933,948,957,970,984,NA,NA,1030,1037,1051,1058
"11422",211,NA,303,331,359,359,417,432,467,506,517,552,567,583,606,625,645,660,679,690,707,717,739,762,781,915,799,809,817,826,840,NA,NA,861,869,874,878
"11423",164,NA,248,262,273,273,336,356,412,442,453,486,512,536,556,583,606,631,653,665,688,700,717,752,777,905,803,825,837,846,862,NA,NA,890,894,904,919
"11426",101,NA,141,155,163,163,214,225,243,263,270,292,301,316,319,328,334,348,356,358,366,373,389,407,418,492,425,425,436,439,443,NA,NA,454,455,457,458
"11427",181,NA,233,258,272,272,323,334,367,395,407,440,456,475,483,502,514,525,541,550,566,570,587,618,635,770,649,658,665,671,677,NA,NA,688,690,697,700
"11428",112,NA,167,179,193,193,241,252,280,310,320,349,364,382,396,417,428,453,470,476,489,495,517,538,547,652,560,565,567,576,585,NA,NA,601,606,612,614
"11429",163,NA,274,296,322,322,381,402,432,482,496,536,548,575,595,610,626,642,660,673,690,700,728,754,767,897,787,796,799,804,813,NA,NA,835,838,841,845
"11432",405,NA,448,471,502,502,590,601,710,773,787,843,872,909,937,974,1019,1041,1077,1102,1133,1153,1197,1258,1292,1529,1350,1380,1411,1441,1464,NA,NA,1519,1533,1544,1559
"11433",155,NA,226,239,262,262,308,323,394,423,432,477,493,515,529,550,577,593,612,629,643,654,679,702,722,852,752,765,771,783,795,NA,NA,824,826,832,836
"11434",358,NA,536,584,635,635,752,785,895,968,997,1060,1099,1154,1190,1235,1284,1321,1356,1381,1415,1433,1481,1537,1569,1843,1620,1636,1649,1671,1688,NA,NA,1730,1739,1772,1805
"11435",293,NA,409,441,485,485,550,567,649,707,726,796,825,861,884,918,950,980,1009,1029,1057,1075,1131,1179,1215,1459,1269,1288,1298,1322,1342,NA,NA,1390,1404,1421,1432
"11436",100,NA,137,148,160,160,186,194,217,240,245,269,280,292,303,311,320,329,342,350,357,364,384,404,415,480,425,428,433,443,448,NA,NA,459,464,466,470
"11691",436,NA,616,660,713,713,822,861,941,993,1019,1111,1155,1215,1302,1352,1417,1459,1496,1525,1543,1573,1649,1690,1738,2023,1795,1819,1836,1869,1891,NA,NA,1935,1950,1963,1987
"11692",110,NA,155,169,182,182,214,226,246,267,277,297,310,332,343,352,368,376,392,394,399,408,424,446,457,523,473,478,480,481,486,NA,NA,510,523,524,528
"11693",86,NA,116,120,131,131,147,154,167,184,185,197,205,220,228,235,239,248,256,257,262,264,267,271,275,316,281,282,284,285,286,NA,NA,294,295,296,297
"11694",143,NA,188,201,226,226,267,277,302,330,342,360,371,384,405,419,430,450,458,465,475,484,503,540,551,636,569,576,583,595,605,NA,NA,622,623,627,627
"11697",25,NA,30,31,34,34,44,44,52,52,63,63,63,65,69,71,72,73,73,73,73,73,74,78,79,97,81,81,81,81,82,NA,NA,85,85,85,86
"NA",NA,NA,NA,NA,NA,NA,NA,NA,NA,NA,NA,NA,NA,NA,NA,NA,NA,NA,1864,1842,1845,1840,1806,1805,1829,2166,1907,1443,1454,1520,1491,1536,1558,1607,1620,1619,1627
